name_id,rv_vagrant,order_id,mv_id,mv_img,linked_llep,linked_rv
WCCDRV36901_n712-2,v,WCCDRV36901_0712,809.1.1,LMSMPS506870372,,
WCCDRV36901_n725-2,v,WCCDRV36901_0725,643.1.1,LMSMPS506870212,,
WCCDRV36901_n926-5,v,WCCDRV36901_0926,2553.1.2,LMSMPS507450013,,
WCCDRV36901_n945-5,,WCCDRV36901_0945,3351.1.1,LMSMPS507540010,WCCDEP358090287,WCCDRV36901_0467 | WCCDRV36901_0508 | WCCDRV36901_0945
WCCDRV36901_n966-1,v,WCCDRV36901_0966,3661.1.1,LMSMPS507590021,,
WCCDRV36901_n996-2,v,WCCDRV36901_0996,4291.1.2,LMSMPS507660024,,
WCCDRV36901_n1011-1,v,WCCDRV36901_1011,4412.1.1,LMSMPS507700014,,
WCCDRV36901_n1087-1,v,WCCDRV36901_1087,6454.1.1,LMSMPS507840086,,
WCCDRV36901_n1120-1,,WCCDRV36901_1120,5590.1.1,LMSMPS507810076,WCCDEP358100297,
WCCDRV36901_n1123-1,v,WCCDRV36901_1123,7141.1.1,LMSMPS507920080,WCCDEP358100301,
WCCDRV36901_n1198-1,v,WCCDRV36901_1198,8486.1.1,LMSMPS508000165,WCCDEP358000089,
WCCDRV36901_n1378-1,v,WCCDRV36901_1378,8703.1.1,LMSMPS508000171,,
WCCDRV36901_n1214-1,v,WCCDRV36901_1214,9497.1.1,LMSMPS508010137,WCCDEP358000122,
WCCDRV36901_n1256-1,,WCCDRV36901_1256,10949.1.1,LMSMPS508090226,,
